Series Name,Series Code,Country Name,Country Code,2000,2001,2002,2003,2004,2005,2006,2007,2008,2009,2010,2011,2012,2013,2014,2015,2016,2017,2018,2019,2020,2021,2022,2023
GDP deflator (base year varies by country),NY.GDP.DEFL.ZS,Afghanistan,AFG,..,..,37.39567933,41.75423484,46.46053505,51.53066804,55.24074797,67.685249,69.10412726,67.60912551,70.18816371,81.83472908,87.8101017,92.04499454,92.56683861,94.8324703,92.74850167,94.97785677,96.94517925,103.2674396,110.4578959,113.5937914,..,..
GDP deflator (base year varies by country),NY.GDP.DEFL.ZS,Albania,ALB,69.55302653,72.20359317,74.8372021,78.72771531,81.20950334,83.89495394,85.97402936,89.74546017,93.44035744,95.70005929,100,102.3147438,103.3815946,103.6801048,105.2870604,105.8808703,105.2110114,106.7373407,108.3095321,109.6710098,110.434915,114.249814,125.521716,..
GDP deflator (base year varies by country),NY.GDP.DEFL.ZS,Algeria,DZA,39.50956526,39.3225262,39.84175179,43.16086201,48.44704553,56.25930139,62.19280353,66.17024307,76.30129173,67.78483497,78.71173742,93.05932256,100,99.90669562,99.60639564,93.17615495,94.61934229,100.6661377,107.4683654,106.9610358,101.5851902,117.399447,142.6609728,..
GDP deflator (base year varies by country),NY.GDP.DEFL.ZS,American Samoa,ASM,..,..,70.62068966,71.58469945,69.25170068,68.30601093,70.22792023,72.44755245,80.45977011,101.1994003,85.65022422,85.20179372,100,102.2435897,101.2598425,102.7480916,104.1925466,102.1702838,103.902439,105.7189542,112.8325509,118.29653,135.0387597,..
GDP deflator (base year varies by country),NY.GDP.DEFL.ZS,Andorra,AND,77.8792565,80.27835439,82.87899719,85.51246424,88.11411598,91.10656134,94.25628289,97.28306641,99.49561247,99.62708212,100,100.1967642,100.3716645,100.8218236,100.7371138,101.4025721,101.7552455,102.9117034,103.9536622,105.3827689,106.5565075,109.2838815,113.8880949,..
GDP deflator (base year varies by country),NY.GDP.DEFL.ZS,Angola,AGO,16.31765909,33.67183637,100,193.9265669,258.7825821,368.4397585,431.5006739,450.0915879,537.2553056,447.1998176,591.5132966,779.4457079,836.0003392,859.7404425,890.354809,859.0286959,1046.076289,1282.640547,1643.923107,1959.342696,2170.228813,3012.792411,3504.03976,..
GDP deflator (base year varies by country),NY.GDP.DEFL.ZS,Antigua and Barbuda,ATG,67.69364849,68.69726662,69.17938564,68.58106597,69.63688322,72.74383205,73.0403909,75.76781417,79.08695007,80.53972697,81.72636496,92.98427152,94.93931148,94.36049286,96.03859251,98.71631209,98.25412103,98.56072743,100,100.7184523,101.52427,106.5129295,113.4350517,..
GDP deflator (base year varies by country),NY.GDP.DEFL.ZS,Argentina,ARG,59.21452939,58.5656757,76.46053741,84.48560835,99.9999999,110.3175111,125.4762982,144.2223631,177.6403647,204.9572772,247.8243464,306.5673214,374.9774534,464.7800478,652.0072626,825.3107382,1164.673397,1467.562778,2084.433257,3109.882269,4356.419109,6701.934757,11357.85191,..
GDP deflator (base year varies by country),NY.GDP.DEFL.ZS,Armenia,ARM,58.33797832,60.68781429,62.11846823,64.97499576,69.05451201,71.27030327,74.56157479,77.75122616,82.40818434,84.46612526,91.0280582,94.92547003,100,103.3668246,105.7537532,107.0375085,107.3249846,109.6331606,112.6894147,113.8902586,115.9477917,123.9487849,133.8469655,..
GDP deflator (base year varies by country),NY.GDP.DEFL.ZS,Aruba,ABW,76.05540287,73.89884937,77.17603381,79.52916641,81.76386352,85.90724671,88.900552,93.49394881,97.47908022,99.13942307,97.92654378,101.8491612,102.0365972,100,103.9588969,111.0606271,109.9469124,106.4526163,110.1545557,116.8676036,115.8493064,110.0682313,113.8246864,..
GDP deflator (base year varies by country),NY.GDP.DEFL.ZS,Australia,AUS,51.6252825,54.01590387,55.55012132,57.2086367,59.05777018,61.31703057,64.45363505,67.66728036,70.75955479,74.26155891,75.11694723,79.77577436,81.21585797,81.08284141,82.22196866,81.70979054,81.1739607,84.13781098,85.71860096,88.68765563,90.56235785,93.35056833,100,..
GDP deflator (base year varies by country),NY.GDP.DEFL.ZS,Austria,AUT,76.15840153,77.64128588,78.53074108,79.55757181,80.94164989,82.99578235,84.56619623,86.44456017,88.13569436,89.80081047,90.5848209,92.24561228,94.14055457,95.6692918,97.75077551,100,101.8482947,102.8724141,104.7632754,106.4477392,109.3425803,111.6040146,117.5159959,..
GDP deflator (base year varies by country),NY.GDP.DEFL.ZS,Azerbaijan,AZE,69.81936391,71.57532805,74.59178882,79.78447062,87.16610201,100,111.3012191,134.7071184,172.1253337,139.6883881,158.6103212,194.3362828,199.9388675,200.8287245,198.2480844,180.7037384,207.2155071,240.7272284,270.059545,269.4078699,249.4825559,303.3429063,416.3346781,..
GDP deflator (base year varies by country),NY.GDP.DEFL.ZS,"Bahamas, The",BHS,74.31285769,74.57529408,77.52882945,78.42419366,79.36136089,83.37387796,84.06437584,86.5425649,87.83084677,86.92058516,86.57936488,85.83598984,88.64010319,88.4866489,91.72342897,96.5955827,97.987842,99.66408563,100,103.9746805,101.5363797,102.570582,100.3415412,..
GDP deflator (base year varies by country),NY.GDP.DEFL.ZS,Bahrain,BHR,59.40429226,57.40603409,59.36607676,64.47309138,71.55938341,81.3880417,88.58472778,96.05741004,106.974423,93.07422935,100,109.7367535,113.0450597,113.479311,111.5832045,101.2560038,101.5063884,107.1092217,111.77925,111.8723194,105.0849397,116.1490707,125.1280195,..
GDP deflator (base year varies by country),NY.GDP.DEFL.ZS,Bangladesh,BGD,32.38288762,33.43894544,34.74067926,36.76113347,38.43822651,40.20114223,42.56333554,45.31771969,48.88013027,52.18655565,55.9151092,60.30972972,65.23376204,69.91425409,73.8775453,78.21620882,100,105.0475974,111.1461639,115.2120773,119.6374247,124.567892,130.8573521,..
GDP deflator (base year varies by country),NY.GDP.DEFL.ZS,Barbados,BRB,72.37137788,74.00363416,74.67548077,75.50876367,79.90952326,85.23767016,88.75291988,96.35722679,98.01120362,96.31187318,100,103.5388293,102.9073269,105.8821536,106.3816325,104.444518,104.2141389,106.92554,110.4143035,115.0987512,117.0261894,122.5368063,127.4301364,..
GDP deflator (base year varies by country),NY.GDP.DEFL.ZS,Belarus,BLR,1.664046529,2.98753882,4.328756696,5.657049608,6.939792536,8.256421117,9.143872096,10.32093552,12.51037091,13.66866386,15.21192089,26.01829023,45.60417461,55.29838886,65.31014192,75.77494227,82.09533362,89.17485348,100,108.5769085,121.4735424,140.0910819,159.0422924,..
GDP deflator (base year varies by country),NY.GDP.DEFL.ZS,Belgium,BEL,77.78075095,79.3229898,80.62389301,82.11550653,83.68801105,85.43129443,87.36606306,89.05373174,90.75362983,91.23750949,92.9637942,94.64392836,96.50000875,97.72677298,98.68708077,100,101.9208507,103.7862803,105.3947928,107.2582754,108.973862,112.4304932,119.0545802,..
GDP deflator (base year varies by country),NY.GDP.DEFL.ZS,Belize,BLZ,83.47313541,81.84114506,82.43032706,79.00366203,80.65708498,83.08664015,85.78475061,89.0755294,92.20881574,89.92821403,91.86946408,96.37037257,97.08968723,98.94754981,100.0011634,100.0484784,102.1514385,105.2486017,105.3494876,105.211836,104.6335313,105.113586,112.8550274,..
GDP deflator (base year varies by country),NY.GDP.DEFL.ZS,Benin,BEN,67.98902897,69.328607,71.79269354,73.9907734,74.56028852,77.76165689,79.39023255,79.69997611,84.82799388,86.98236371,87.74857888,91.0243062,98.03218386,99.40198599,99.15568512,100,100.6835911,100.3131785,100.9857258,100.5842532,103.4791005,105.1541426,109.5062412,..
GDP deflator (base year varies by country),NY.GDP.DEFL.ZS,Bermuda,BMU,54.76154218,54.01174948,58.64619647,60.30279876,63.13229207,67.40153424,80.59818969,85.8974359,90.28586211,91.22807018,93.26813235,92.1943774,98.36974459,100,103.0118909,106.0528226,110.6907287,110.5857565,112.3674224,115.0859858,114.6083124,115.1331093,118.4317911,..
GDP deflator (base year varies by country),NY.GDP.DEFL.ZS,Bhutan,BTN,39.12043095,41.21680723,43.17675692,44.5006203,46.14934375,48.87343588,51.52230814,53.04398923,55.96696248,58.62891131,62.06123025,67.34282657,73.52485071,77.84064417,83.22796475,86.18844019,89.96643401,100.000004,101.1508628,104.2946339,109.809075,118.1853333,..,..
GDP deflator (base year varies by country),NY.GDP.DEFL.ZS,Bolivia,BOL,232.2771331,236.620933,243.2954355,258.6960178,279.308165,295.9012978,336.3323029,361.1312738,398.6209677,388.9747615,423.1170528,484.9021037,519.331489,550.4674286,561.7492461,535.7930477,528.5337453,560.5702896,577.7028074,573.699308,563.0607044,585.3360597,615.3313981,..
GDP deflator (base year varies by country),NY.GDP.DEFL.ZS,Bosnia and Herzegovina,BIH,62.77747022,65.7444073,69.03679937,70.01081298,71.52442686,75.95108491,81.87536627,86.9496489,93.32771109,93.50080276,94.81569891,97.12211724,97.89498917,97.67558496,98.65267019,100,101.333306,103.1357286,106.0148913,108.6350543,108.7025629,113.9858703,127.4024847,..
GDP deflator (base year varies by country),NY.GDP.DEFL.ZS,Botswana,BWA,30.67977878,33.2301351,33.62469998,34.72055732,38.21996892,44.13325036,46.40805389,49.20608719,53.81804101,61.94937317,66.70898158,75.14988354,77.413279,78.59934411,86.14802685,89.36162166,100.0000433,97.35012288,97.40580419,97.90022187,102.1872665,110.7197994,126.8451869,..
GDP deflator (base year varies by country),NY.GDP.DEFL.ZS,Brazil,BRA,44.29774957,47.94128126,52.6386218,60.05594133,64.71151439,69.52037247,74.22987307,79.00956287,85.945459,92.23106532,100,108.3185922,116.9224755,125.6969981,135.5600767,145.8167894,157.6332051,163.4205262,170.7638836,177.9773921,189.4969781,211.06943,228.5527457,..
GDP deflator (base year varies by country),NY.GDP.DEFL.ZS,British Virgin Islands,VGB,..,..,..,..,..,..,..,..,..,..,..,..,..,..,..,..,..,..,..,..,..,..,..,..
GDP deflator (base year varies by country),NY.GDP.DEFL.ZS,Brunei Darussalam,BRN,63.38419156,59.83981219,60.06373846,63.73039609,73.85471175,87.71452266,96.52783359,97.60937747,109.9986722,85.69840738,100,120.1805054,121.6451485,118.2131481,116.0303929,95.59418819,86.8302453,91.13154673,99.53010535,96.21158912,85.75939334,99.02287996,123.0227849,..
GDP deflator (base year varies by country),NY.GDP.DEFL.ZS,Bulgaria,BGR,52.47607529,55.68642135,57.82944659,59.09557041,62.3940236,66.50844686,71.00207297,78.84881858,85.23829808,88.59499873,89.2719797,94.72902398,95.78258024,95.85149726,97.13665817,100,103.3235597,108.2966472,112.8825829,118.7967911,123.8576599,132.6942744,154.1668034,..
GDP deflator (base year varies by country),NY.GDP.DEFL.ZS,Burkina Faso,BFA,69.81106991,72.57667239,74.79533117,75.905839,75.97464657,78.81563141,78.29322027,80.2445607,87.59480232,89.70189956,93.09228936,99.36485229,105.1518608,102.9129977,102.2745389,100,102.6042992,104.0574811,105.175024,106.1180873,113.0776676,112.8949963,119.5425467,..
GDP deflator (base year varies by country),NY.GDP.DEFL.ZS,Burundi,BDI,57.82556042,65.75714952,66.43304002,74.36896399,84.14562649,100,102.8456663,111.3544746,138.3198445,152.7864356,165.8673306,179.7408891,205.4331807,221.7714952,233.5379279,283.3252879,286.0825429,318.8366556,309.7470711,312.3857056,331.024206,359.2166098,425.0672012,..
GDP deflator (base year varies by country),NY.GDP.DEFL.ZS,Cabo Verde,CPV,70.31284381,73.93770645,73.66915815,77.29449089,72.39978093,71.10028945,74.39918,88.21392984,91.48908696,93.27729446,93.88771544,96.46684938,97.12051595,98.5042504,98.40543096,100,101.6799248,102.9986256,104.7538985,105.4818032,105.8680358,105.8776963,114.0751986,..
GDP deflator (base year varies by country),NY.GDP.DEFL.ZS,Cambodia,KHM,100,102.646541,103.3785558,105.2368035,110.3131512,117.0165271,122.4356905,130.4160898,146.3969991,150.0633431,154.7462091,159.9519741,162.2561113,163.5239604,167.8282313,170.8258322,176.7624648,182.6681733,188.3524805,194.4463835,193.1399828,195.6352451,203.5983646,..
GDP deflator (base year varies by country),NY.GDP.DEFL.ZS,Cameroon,CMR,73.44769199,75.26137912,77.3495007,78.86007028,78.97007048,80.04180644,81.88250784,82.28431188,86.3495986,89.4612195,90.07688006,92.40901034,94.20385702,97.08033333,99.03573766,99.34254214,100,101.0251412,102.9415796,104.1457612,104.8805846,107.9000249,113.6582306,..
GDP deflator (base year varies by country),NY.GDP.DEFL.ZS,Canada,CAN,74.35799148,75.52814592,76.47793007,78.96326167,81.53815406,84.07940356,86.24038942,89.08679283,92.64698299,90.49301284,93.07083098,96.09047237,97.26128068,98.95434466,100.8752454,100,100.7169781,103.3064264,105.0121376,106.6356996,107.7775656,116.0385709,124.9199542,..
GDP deflator (base year varies by country),NY.GDP.DEFL.ZS,Cayman Islands,CYM,..,..,..,..,..,..,90.65072291,93.43628232,96.28396559,96.87165959,96.67171083,96.22658305,97.44039784,98.78332464,99.65926441,100,101.0000923,103.0067604,105.7496239,109.3412111,109.5128025,112.3768709,123.0742675,..
GDP deflator (base year varies by country),NY.GDP.DEFL.ZS,Central African Republic,CAF,101.0920475,101.5226376,99.11464074,100.4392273,95.97994058,100,103.3340459,105.2335651,112.6810189,113.482889,118.2620045,123.0032643,130.6061406,133.8549511,149.7753957,153.8317074,158.4160678,168.6239339,166.5597794,170.4370197,173.8153551,179.3527064,190.0563404,..
GDP deflator (base year varies by country),NY.GDP.DEFL.ZS,Chad,TCD,61.28926281,69.74574246,71.0763653,71.13251896,78.0567408,100,109.9844279,113.6160414,123.4424881,111.6429237,118.7782408,128.9698877,130.3850043,124.9852822,125.7924188,115.1252,113.512481,113.5445504,119.238421,122.643911,115.9538127,124.3024737,147.4920975,..
GDP deflator (base year varies by country),NY.GDP.DEFL.ZS,Channel Islands,CHI,..,..,..,..,..,..,..,..,..,..,..,..,..,..,..,..,86.18095063,88.85075952,92.75816621,95.30673229,97.44327587,100.0011719,..,..
GDP deflator (base year varies by country),NY.GDP.DEFL.ZS,Chile,CHL,44.15167819,46.04011037,47.57815409,49.62415787,53.11013671,56.89174593,63.91781733,67.17043978,67.37942885,69.79012671,75.97174635,78.44881643,79.04774701,80.83483524,85.56601055,89.80526347,93.90097265,98.43469179,100,102.5725982,112.4579438,120.1026563,128.0802424,..
GDP deflator (base year varies by country),NY.GDP.DEFL.ZS,China,CHN,58.13055751,59.32051878,59.67768707,61.23120332,65.4879921,68.04447583,70.71627579,76.19656546,82.13635141,81.96424835,87.60451995,94.67918456,96.88636235,98.98237288,100.0029442,100,101.407346,105.6995965,109.3988156,110.8064506,111.3521656,116.4212799,119.0395647,..
GDP deflator (base year varies by country),NY.GDP.DEFL.ZS,Colombia,COL,48.43860008,51.59604518,54.67539548,58.40918636,62.66314691,65.64164917,69.45389355,73.06690857,78.67653493,81.8741267,84.98932283,90.41742377,93.6875101,95.47476465,97.6092294,100,105.1483343,110.5463721,115.6653099,120.2949534,122.0755767,131.4358705,150.2805798,..
GDP deflator (base year varies by country),NY.GDP.DEFL.ZS,Comoros,COM,75.92400901,82.47623883,85.91603897,90.30792012,93.36787912,93.66281113,96.57643986,100,103.1442898,104.1613349,105.9061961,109.1317692,113.7922224,115.7860408,116.7529062,116.1424521,118.1342798,118.6097634,120.7870447,125.8710995,126.7140184,126.7895113,133.3351934,..
GDP deflator (base year varies by country),NY.GDP.DEFL.ZS,"Congo, Dem. Rep.",COD,28.00102347,48.4584904,63.82926247,72.39224751,77.00034581,100,113.3252254,136.2979088,164.1917073,217.8133188,263.0887034,299.3730032,317.1557363,325.945046,329.1837359,325.3787716,339.5302393,485.7613628,636.3406437,673.8555042,700.1463107,804.9962632,872.9819166,..
GDP deflator (base year varies by country),NY.GDP.DEFL.ZS,"Congo, Rep.",COG,79.78646153,68.67603068,67.48180425,64.61279043,75.47241609,100,111.3803018,118.8874646,138.229508,108.9729104,141.0302166,156.4777153,174.2599841,172.3351742,161.1944578,133.3819861,128.710299,144.6261986,176.7830259,174.4541345,150.0313321,184.9747017,218.7523834,..
GDP deflator (base year varies by country),NY.GDP.DEFL.ZS,Costa Rica,CRI,27.12725633,29.76428007,32.67727631,36.15683014,40.9838933,46.31726072,52.33123766,57.83480191,64.44172579,70.69343085,75.37958875,78.84194297,82.57403117,86.36435399,91.72492072,95.35283891,97.22057675,100,102.1924784,104.8155469,105.6253447,108.1330286,114.9241993,..
GDP deflator (base year varies by country),NY.GDP.DEFL.ZS,Cote d'Ivoire,CIV,65.49409263,69.997446,73.20482512,75.60456764,73.71191501,74.60761425,75.62193331,77.95755411,82.14616164,83.13830597,84.39886387,89.2174655,88.85693919,91.4131138,95.44199354,100,98.82016756,97.79078036,99.43559828,100.7860149,102.3300549,105.0520344,107.9409653,..
GDP deflator (base year varies by country),NY.GDP.DEFL.ZS,Croatia,HRV,67.02068649,69.85369149,72.53905916,75.6585133,78.40486667,80.84789584,83.98496707,87.57501447,92.40146129,95.15437276,96.03859084,97.64036552,99.02733368,99.76097403,99.9081776,100,99.93878814,101.1040117,103.1547395,105.2230755,106.0131273,107.6115401,117.7951268,..
GDP deflator (base year varies by country),NY.GDP.DEFL.ZS,Cuba,CUB,106.9681497,107.4547897,112.3259041,115.6659267,116.3668374,116.8091252,128.9170467,133.5448793,133.0847737,133.928764,135.5386528,141.3990285,145.5194779,149.3871386,154.5609765,159.8764039,166.796413,173.6577351,175.4503506,181.6696146,211.7467681,1062.103137,1212.448105,..
GDP deflator (base year varies by country),NY.GDP.DEFL.ZS,Curacao,CUW,77.73567053,79.12713792,79.45156016,80.73867532,81.8528691,85.20883735,87.87587477,90.51214817,96.75748898,98.49912178,101.2373973,100,103.184,104.5587204,106.125742,105.620065,105.570147,107.2439616,110.0160036,112.9049138,115.3662409,119.7022811,124.5390732,..
GDP deflator (base year varies by country),NY.GDP.DEFL.ZS,Cyprus,CYP,75.8378903,78.61378819,78.84680353,83.09481226,85.34607357,87.06963336,89.75680253,93.47112614,97.89683452,98.15441976,100,101.6171066,103.3194676,102.342164,100.9771462,100.2157299,99.64223348,100.6769611,101.6876234,103.0350633,101.6299581,104.3595414,110.6896066,..
GDP deflator (base year varies by country),NY.GDP.DEFL.ZS,Czechia,CZE,76.82905706,80.58544858,82.78087777,83.85100491,87.2461701,87.32900534,87.90022901,91.01223272,92.84119747,95.24376118,93.88623853,93.86692429,95.22885927,96.52845203,99.01747322,100,101.1414506,102.463313,105.0941344,109.1811964,113.8960802,117.6863249,127.7453879,..
GDP deflator (base year varies by country),NY.GDP.DEFL.ZS,Denmark,DNK,75.00961149,76.89866422,78.70397376,79.87023271,81.5440996,83.91411693,85.65632468,87.73972683,91.36749515,91.85084953,94.81218786,95.4176997,97.68404528,98.55164653,99.56880653,100,100.2545952,101.4422729,102.2009158,103.2727932,106.2948911,109.3313999,118.1511229,..
GDP deflator (base year varies by country),NY.GDP.DEFL.ZS,Djibouti,DJI,..,..,..,..,..,..,..,..,..,..,..,..,..,100,101.2623044,103.0922163,103.4043614,103.9857333,104.6678966,105.1386901,107.007856,108.8280932,109.5610574,..
GDP deflator (base year varies by country),NY.GDP.DEFL.ZS,Dominica,DMA,95.80646534,97.80340297,98.57662554,95.50175149,99.12318413,97.68765458,100,101.5250486,103.0564302,111.3049782,111.6355203,113.5169381,111.2902542,115.2594065,114.916133,122.7532223,127.2925121,123.3804125,126.7424249,132.4246507,130.923324,134.8850182,139.6700901,..
GDP deflator (base year varies by country),NY.GDP.DEFL.ZS,Dominican Republic,DOM,37.49295122,39.75780248,42.50930834,56.73357783,82.35804149,87.11936728,92.90517771,100,110.3916875,114.2533505,120.4726326,130.1836366,136.8206347,143.2413797,149.4312536,153.1250238,156.1778444,162.7082258,169.4142285,173.6929859,181.8973811,196.043828,217.0482689,..
GDP deflator (base year varies by country),NY.GDP.DEFL.ZS,Ecuador,ECU,48.55643831,62.35339991,69.8889794,77.29237981,80.58646178,86.81797998,93.76420914,100,113.8473189,114.5936308,123.148137,130.1215933,136.608484,140.8365836,145.1049222,141.4903285,144.1809748,146.9873107,149.6608241,150.4023187,149.8020641,153.665955,161.7561799,..
GDP deflator (base year varies by country),NY.GDP.DEFL.ZS,"Egypt, Arab Rep.",EGY,10.95305146,11.15762159,11.51082492,12.29097034,13.72531532,14.57803203,15.65097194,17.62232765,19.77295377,21.98466588,24.2066263,27.0298394,32.29602989,35.10987787,39.0589051,42.93780189,45.61955235,59.08575072,71.59705256,81.34720785,86.37197127,90.55855583,100,..
GDP deflator (base year varies by country),NY.GDP.DEFL.ZS,El Salvador,SLV,67.75283259,69.99791189,71.05532346,73.16259087,75.15091113,78.37846485,81.77436254,85.36863816,88.35850333,88.32855361,90.62325954,96.01837324,98.39535563,99.01653716,100,101.3076178,101.9739648,102.9416519,104.6998012,105.6638318,106.3024762,112.9574394,121.4501238,..
GDP deflator (base year varies by country),NY.GDP.DEFL.ZS,Equatorial Guinea,GNQ,54.49702958,47.97290273,47.21354432,47.51364395,55.55426555,88.51408391,100,103.0376539,123.4803645,97.75911939,122.1075279,142.9208861,149.8593836,148.2518814,146.3633857,116.8085926,109.4666795,123.4153432,135.1568744,130.8809302,117.5722429,138.22234,148.882599,..
GDP deflator (base year varies by country),NY.GDP.DEFL.ZS,Eritrea,ERI,25.40520455,29.23561573,33.95677806,41.38409039,51.6470492,55.58445979,61.91775534,66.4304503,77.1099557,99.86086808,83.65524699,100,..,..,..,..,..,..,..,..,..,..,..,..
GDP deflator (base year varies by country),NY.GDP.DEFL.ZS,Estonia,EST,49.21258132,52.55926964,55.11242185,57.25553115,59.9410843,63.49184404,69.19250971,77.74358865,83.03211449,82.70938382,84.21664018,88.82643739,92.44360592,96.17023878,98.97419107,100,102.1873099,105.8562073,110.9772971,114.5364039,113.9276321,120.7597652,140.761904,..
GDP deflator (base year varies by country),NY.GDP.DEFL.ZS,Eswatini,SWZ,49.89280598,54.3545297,59.20019703,62.7554623,65.18490689,69.45896593,72.26591523,75.88954349,83.8014656,91.98880535,94.92984886,100,108.7483735,115.8529028,124.1326038,131.015837,140.5037145,143.9855791,148.060385,150.6159934,155.4762762,153.5843637,167.0910591,..
GDP deflator (base year varies by country),NY.GDP.DEFL.ZS,Ethiopia,ETH,17.44550889,16.44146135,15.84604464,17.86926419,18.56819588,20.40190028,22.75879916,26.67799626,34.76454327,43.15893427,43.78239628,52.56596593,70.19732947,73.63838803,81.7251999,90.58138615,99.99997124,106.6768244,119.8858633,135.303661,160.00279,194.8246197,262.3976102,..
GDP deflator (base year varies by country),NY.GDP.DEFL.ZS,Faroe Islands,FRO,..,..,..,..,..,..,..,..,92.09411321,93.31781688,100,98.91253998,96.59699893,98.06447844,100.6839575,105.5766569,113.7880481,114.2132422,113.7630022,117.9119826,117.7754844,119.918801,124.5824937,..
GDP deflator (base year varies by country),NY.GDP.DEFL.ZS,Fiji,FJI,52.4242376,54.12561182,55.8935965,60.19895692,61.5197272,65.60782749,68.06599456,70.12462089,71.63799353,72.63425954,75.70653255,82.81639082,85.77833023,88.88461794,100,102.530899,105.2308716,107.0181731,108.5439507,110.2226363,108.5885302,105.8596319,108.4770779,..
GDP deflator (base year varies by country),NY.GDP.DEFL.ZS,Finland,FIN,77.19840219,79.74855946,80.50159663,80.65448825,81.14056159,81.89430971,82.6483298,84.92387031,87.50320933,89.05543333,89.34302063,91.68696458,94.41370954,96.82909029,98.40897632,100,100.0874255,100.9074046,102.9274056,104.46777,106.1754827,108.7215254,114.5469521,..
GDP deflator (base year varies by country),NY.GDP.DEFL.ZS,France,FRA,80.16171322,81.77162831,83.462196,85.01406557,86.39356794,88.06644237,89.96456253,92.26462984,94.44860175,94.51153047,95.52251793,96.4280334,97.54835843,98.30738273,98.8745615,100,100.5225593,101.0468622,102.0494739,103.3542705,106.2894038,107.80291,110.9800956,..
GDP deflator (base year varies by country),NY.GDP.DEFL.ZS,French Polynesia,PYF,88.35718294,90.76883827,94.59466707,96.21911107,97.84661905,100,101.1869442,102.8302609,103.1178489,104.7541746,104.453422,104.4950509,104.8574052,107.0493727,108.5065691,110.6333666,111.809232,111.3849663,110.0447859,110.9498286,112.789649,113.0139082,115.0409382,..
GDP deflator (base year varies by country),NY.GDP.DEFL.ZS,Gabon,GAB,100.1689439,100,100.8558078,100.6368293,108.4515594,130.2443286,143.0970177,149.1519701,179.6967409,147.2173904,171.6029503,193.3643113,187.6757214,176.1187914,174.619333,159.030764,152.2405417,158.0565903,169.3997705,172.0212068,156.2401435,195.7308293,222.979524,..
GDP deflator (base year varies by country),NY.GDP.DEFL.ZS,"Gambia, The",GMB,28.31582988,28.82705454,31.82257311,35.92575697,69.76426846,72.63423462,73.58080687,76.82927066,78.73144498,82.2848355,86.92926386,90.90377717,94.39917304,100,105.2117231,115.4386839,124.4667079,129.3479419,138.3399057,146.9892021,150.2064414,161.9929853,178.8712019,..
GDP deflator (base year varies by country),NY.GDP.DEFL.ZS,Georgia,GEO,41.69328338,43.93479844,46.53541495,48.12898967,52.18714706,56.32905494,61.08829692,66.86982652,73.2863764,71.72097159,81.91087022,89.08140029,89.45492303,90.6642265,94.49238752,100,102.6193183,111.3327725,116.1881161,122.2210579,131.1203132,144.5655072,157.7169509,..
GDP deflator (base year varies by country),NY.GDP.DEFL.ZS,Germany,DEU,82.52788246,83.60486713,84.75704739,85.87690287,86.83494205,87.1868036,87.53318034,89.08275678,89.89281339,91.5485416,92.13928216,93.1246968,94.5182975,96.37028116,98.18005707,100,101.3277522,102.8514571,104.9161924,107.1512315,109.1577301,112.4538985,118.3783358,..
GDP deflator (base year varies by country),NY.GDP.DEFL.ZS,Ghana,GHA,5.114221381,6.894888121,8.468204008,10.89895177,12.46296782,14.32789123,26.46124696,30.72262983,36.68597557,42.43340911,49.47550693,56.35993574,64.92962107,100,123.9399605,140.3656795,162.4713364,179.8189056,198.8230306,215.6853569,235.8855279,264.4420697,339.0772539,..
GDP deflator (base year varies by country),NY.GDP.DEFL.ZS,Gibraltar,GIB,..,..,..,..,..,..,..,..,..,..,..,..,..,..,..,..,..,..,..,..,..,..,..,..
GDP deflator (base year varies by country),NY.GDP.DEFL.ZS,Greece,GRC,77.79396021,80.49710786,83.19277158,86.06589536,88.70180295,90.68900665,93.85862606,97.07109429,101.2884287,103.891309,103.7069218,104.7014898,104.4134116,102.2775056,100.2945958,100,99.42141925,99.7051742,99.54041734,99.76622,99.01603055,100.4867357,108.3717738,..
GDP deflator (base year varies by country),NY.GDP.DEFL.ZS,Greenland,GRL,84.84200194,87.72854475,90.45083489,96.35996809,95.84112355,92.74624395,94.82226024,94.77720512,92.86901378,98.01268988,100,102.8840457,106.4287424,107.5647336,108.6299187,117.4771527,121.6332388,125.6063881,127.9259868,128.8788602,129.7848791,129.2447556,..,..
GDP deflator (base year varies by country),NY.GDP.DEFL.ZS,Grenada,GRD,89.21294654,91.12582997,91.46495171,91.39445775,93.25081446,95.57251908,100,102.3194437,110.3491964,110.3382721,110.8676665,111.1165726,115.4791759,118.8547457,119.776123,123.0800181,126.3345556,128.2626402,127.360108,131.5980576,131.2032824,134.8642709,137.2533709,..
GDP deflator (base year varies by country),NY.GDP.DEFL.ZS,Guam,GUM,..,..,74.60980435,77.77293528,79.16922447,83.1786772,86.8442623,89.46083418,92.88135593,95.85070478,96.07843137,96.6828322,100,100.8404931,102.9357798,105.5323021,107.1934605,108.264314,109.9092559,112.612772,117.5084847,120.9600948,..,..
GDP deflator (base year varies by country),NY.GDP.DEFL.ZS,Guatemala,GTM,55.54524556,52.42907659,55.82080534,58.31668454,61.82959928,65.33437032,68.58889285,73.46923301,80.38084509,83.2746964,87.55299471,93.58946149,96.75068031,100,102.8603116,105.1557644,108.0025321,109.8903236,111.2877023,115.2559802,118.5675844,121.7612052,129.3399921,..
GDP deflator (base year varies by country),NY.GDP.DEFL.ZS,Guinea,GIN,18.09494928,18.41204993,18.4917322,21.43389559,24.97511451,31.81600951,63.8253798,72.51767909,84.6318476,86.13070237,100.00001,108.9992908,121.5516172,126.8140141,130.1313377,133.9992176,141.5955641,156.2599121,167.2904312,183.0205959,191.6114693,213.6467883,237.1311616,..
GDP deflator (base year varies by country),NY.GDP.DEFL.ZS,Guinea-Bissau,GNB,92.83832243,99.1227163,100.9037676,95.84664647,94.51746999,100,97.72729571,102.0087582,114.7345615,111.9142048,115.232856,131.4018397,130.284224,129.0697803,128.8784251,144.4752775,153.2830678,162.385931,170.9111837,165.0696735,165.2389025,175.5139788,190.1720238,..
GDP deflator (base year varies by country),NY.GDP.DEFL.ZS,Guyana,GUY,21.95997583,22.03068071,22.60760951,23.67436465,25.27835916,27.20771196,74.7824926,80.92289083,88.6548696,89.67716127,93.23936448,95.48579898,100,99.46331947,97.36921488,100.2944875,101.1953084,103.3295254,100.3458979,103.317329,76.14890181,93.2197321,104.4408346,..
GDP deflator (base year varies by country),NY.GDP.DEFL.ZS,Haiti,HTI,28.69942994,32.50162509,35.8236064,42.2666688,50.42537205,55.50428214,63.00752626,65.59855723,73.91313446,82.48814254,88.58717018,92.41478317,99.999998,108.0771467,110.4753635,116.2266703,134.4779937,153.0088964,163.0091889,195.2856406,231.7751261,275.7202379,358.9913117,..
GDP deflator (base year varies by country),NY.GDP.DEFL.ZS,Honduras,HND,100,108.0843494,113.6311733,120.1760343,127.9297726,137.2419907,144.582603,154.1619337,166.1719402,178.8902958,187.2552835,201.8746878,209.1013725,211.9744892,226.4933781,242.1956439,251.1037647,262.4356833,267.5458753,278.5866833,291.4969103,302.576485,330.2495298,..
GDP deflator (base year varies by country),NY.GDP.DEFL.ZS,"Hong Kong SAR, China",HKG,85.76159768,84.24022654,81.37447194,76.4857326,73.73924524,73.62859331,73.23481013,75.53250048,76.50048499,76.21322589,76.41948694,79.39820183,82.21270478,83.70275902,86.08854149,89.22517836,90.68693974,93.29925658,96.71359949,98.69135238,99.32132601,100,101.8104478,..
GDP deflator (base year varies by country),NY.GDP.DEFL.ZS,Hungary,HUN,52.09150648,57.84582808,62.52642663,65.92376632,69.27999189,71.09999872,73.69990273,77.71188754,81.44682862,84.86683353,87.01614588,88.6944443,91.2601632,93.8341852,97.29922465,100,101.320472,105.4033882,110.5127388,115.8008012,123.2139846,131.1552467,150.1586962,..
GDP deflator (base year varies by country),NY.GDP.DEFL.ZS,Iceland,ISL,45.35329644,49.30073388,52.19574093,52.4524726,53.85558323,55.50672061,60.28955961,62.90199403,70.53532806,78.15646466,83.13413615,85.70852566,88.65765343,90.54122237,94.29112467,100,102.2608609,103.2190378,105.9353626,110.6566642,115.0993582,122.576708,133.5098247,..
GDP deflator (base year varies by country),NY.GDP.DEFL.ZS,India,IND,49.45727544,51.04763151,52.94440008,54.99218257,58.14071227,61.40932686,66.56828648,71.19106671,77.73635176,83.209275,91.96790896,100,107.9343863,114.6117514,118.4303363,121.1300602,125.0522212,130.0158664,135.0659951,138.3150307,144.8802214,157.250856,170.1861062,..
GDP deflator (base year varies by country),NY.GDP.DEFL.ZS,Indonesia,IDN,33.71815153,38.53840252,40.81064666,43.05010198,46.73119868,53.42861458,60.95533028,67.818034,80.12683848,86.75713599,100,107.465943,111.5000842,117.0371676,123.4077049,128.319631,131.4492494,137.0919426,142.3265565,144.6016302,144.0208357,152.6670132,167.2739555,..
GDP deflator (base year varies by country),NY.GDP.DEFL.ZS,"Iran, Islamic Rep.",IRN,7.52105216,8.634575442,11.07640696,12.53144749,15.62774791,18.7792695,21.51777394,26.45374931,31.59159144,33.04433612,38.29264443,51.08603817,60.76882665,83.11694665,91.22813725,91.40785821,100,113.0353312,148.8010486,194.2372498,280.2163366,438.0332096,659.6133953,..
GDP deflator (base year varies by country),NY.GDP.DEFL.ZS,Iraq,IRQ,44.74919605,36.18118785,39.13418807,44.55763217,52.27154362,71.01499577,87.38021973,100,130.1754087,104.7636061,122.1404739,152.2962697,156.3622289,156.3440942,151.8989638,106.0260024,94.25269385,108.0610526,127.7324781,124.3163496,110.3678112,151.7169107,180.3430034,..
GDP deflator (base year varies by country),NY.GDP.DEFL.ZS,Ireland,IRL,75.4575956,80.63374976,84.81614456,88.13392321,88.58810969,91.31060938,94.43333879,95.56511108,95.08296059,90.68575575,88.06508586,89.25371632,91.1354283,92.16822991,92.3359829,100,100.5838491,101.842237,102.9829029,106.4384031,105.1249078,105.6268609,112.5795,..
GDP deflator (base year varies by country),NY.GDP.DEFL.ZS,Isle of Man,IMN,46.1736714,47.99374245,49.18546803,50.74308482,53.50800803,55.05797392,57.01873242,63.64607448,87.66158647,93.76799002,98.65029033,103.4395247,99.6291495,101.1591112,100.6310682,100,102.2367871,106.3262506,107.708477,109.6472266,109.4208674,..,..,..
GDP deflator (base year varies by country),NY.GDP.DEFL.ZS,Israel,ISR,77.3864066,78.73890551,82.48673362,82.09976661,82.20430934,83.05664198,84.25860424,84.98306888,86.13463767,89.94110972,91.00911776,92.34556419,95.36513357,97.08506774,97.73475465,100,100.3578807,100.3238931,101.1103831,102.9672452,104.039565,106.2538336,111.1662748,..
GDP deflator (base year varies by country),NY.GDP.DEFL.ZS,Italy,ITA,74.77623977,77.04464582,79.56735092,82.07197831,84.26345088,85.95761635,87.78409012,89.96025312,92.11993202,93.66647733,94.07520087,95.58715584,97.06617728,98.1801186,99.07673995,100,101.13435,101.8689325,102.9570272,103.9228817,105.5640021,106.9129631,110.0951212,..
GDP deflator (base year varies by country),NY.GDP.DEFL.ZS,Jamaica,JAM,49.97444246,53.87613179,58.77015794,65.60163349,74.03708482,82.52820845,89.83046356,100,113.5468095,126.782399,139.2200505,147.289507,156.9692315,170.1794726,181.972818,194.0838512,203.1361389,216.4412053,227.2486366,234.4808315,242.6036978,260.6193531,293.9728977,..
GDP deflator (base year varies by country),NY.GDP.DEFL.ZS,Japan,JPN,110.9506263,109.7469453,108.2203888,106.4805256,105.2828684,104.0257724,103.1290511,102.4017401,101.4683172,100.8903893,98.9929014,97.3871571,96.6508195,96.30831311,97.93235517,100,100.4199444,100.3452826,100.3450443,100.9820378,101.9327329,101.7389989,102.0787867,..
GDP deflator (base year varies by country),NY.GDP.DEFL.ZS,Jordan,JOR,45.34843084,45.69938661,46.12188189,47.11224004,48.57040132,49.54495394,54.82121981,57.58909845,71.19434122,73.44521901,79.37772433,84.06935342,87.94227319,93.3451157,96.56115697,98.65629471,100,101.7835501,104.0971361,104.9756411,104.23224,106.5291079,109.2994332,..
GDP deflator (base year varies by country),NY.GDP.DEFL.ZS,Kazakhstan,KAZ,56.09404033,61.79119375,65.37707519,73.05137928,84.83575529,100,121.5517089,140.425161,169.8253285,177.7919791,212.5365951,256.1978992,268.4584285,293.9595132,310.9246209,316.5944864,359.7730153,400.1075481,436.9398726,470.2927437,490.0961047,558.3668599,668.7504407,..
GDP deflator (base year varies by country),NY.GDP.DEFL.ZS,Kenya,KEN,25.42429856,25.82425336,26.06524673,27.68059171,29.65334362,31.10625359,38.42559651,41.54939985,47.84462211,61.09605925,62.09754563,68.34767166,74.85640143,80.34903648,86.48371104,94.47364246,100,107.581934,112.1165431,116.909788,122.6954813,128.0091129,135.7008785,..
GDP deflator (base year varies by country),NY.GDP.DEFL.ZS,Kiribati,KIR,85.29411765,91.04477612,95.54888291,98.07070782,99.74540321,100.2561718,100,106.1491186,114.9774012,115.1726585,116.1475369,118.0779283,117.4322798,117.6730907,122.8131193,128.4148353,136.6921078,139.7727273,142.1621622,139.2265193,144.9438202,157.8125,165.1282051,..
GDP deflator (base year varies by country),NY.GDP.DEFL.ZS,"Korea, Dem. People's Rep.",PRK,..,..,..,..,..,..,..,..,..,..,..,..,..,..,..,..,..,..,..,..,..,..,..,..
GDP deflator (base year varies by country),NY.GDP.DEFL.ZS,"Korea, Rep.",KOR,72.11927961,74.62794814,76.89151802,79.54427036,82.03231992,82.88660572,82.70160645,84.70232036,87.09626399,90.23925821,92.70955505,93.89796528,95.07338768,96.04175178,96.9127513,100,101.9860385,104.2529652,104.7564538,103.8772064,105.5015829,108.4165199,109.7993971,..
GDP deflator (base year varies by country),NY.GDP.DEFL.ZS,Kosovo,XKX,..,..,..,..,..,..,..,..,99.99997173,97.16684254,103.3781375,109.894853,113.769089,114.1708381,115.999216,116.704305,117.6137288,118.1312509,119.9019445,121.0565523,122.7284726,130.2339806,138.9909194,..
GDP deflator (base year varies by country),NY.GDP.DEFL.ZS,Kuwait,KWT,54.72997583,50.50552729,53.10569821,55.71884385,62.05478287,75.56473697,87.788363,91.56972577,108.6593313,90.00628647,100,117.2583429,126.004862,126.2856865,117.75141,87.18500572,81.2233244,94.40676335,105.0539285,104.6706534,90.10998797,113.7895055,135.4613328,..
GDP deflator (base year varies by country),NY.GDP.DEFL.ZS,Kyrgyz Republic,KGZ,22.49498085,24.14453198,24.63353012,25.61260515,26.92107498,28.84017672,31.54873589,36.24210007,44.29364081,46.08102381,50.70474929,62.10411103,67.48003964,69.62265785,75.48156146,78.06853159,82.79211827,88.03049635,91.06529941,100,105.3401855,122.1870285,142.5331974,..
GDP deflator (base year varies by country),NY.GDP.DEFL.ZS,Lao PDR,LAO,38.80920784,42.25083704,44.92044128,50.96228099,56.41036722,61.28440486,67.90624684,72.9573077,79.42384265,77.09507719,84.18518078,92.99828962,100,106.4739721,112.5712671,115.2149988,118.6971492,120.8955352,123.2165955,124.6920205,130.9696454,135.8331356,157.2593809,..
GDP deflator (base year varies by country),NY.GDP.DEFL.ZS,Latvia,LVA,47.86084664,48.962843,51.4466052,54.02825109,57.8438886,64.32183194,72.31932131,86.82850882,96.95466436,87.59497539,87.27906678,92.97266509,96.35129135,98.00701071,99.88442126,100,100.8633925,103.8367215,107.878639,112.4698444,114.7988942,119.1305286,134.3414105,..
GDP deflator (base year varies by country),NY.GDP.DEFL.ZS,Lebanon,LBN,78.57102157,77.37269442,81.18035011,82.46401641,81.44586484,80.58074112,81.29044599,83.83721366,90.15290899,99.42472187,100,102.9650806,110.6731,113.5267517,113.6462711,117.4372658,118.460491,121.7164207,128.4381943,133.6975112,248.0650928,620.1645102,..,..
GDP deflator (base year varies by country),NY.GDP.DEFL.ZS,Lesotho,LSO,46.02096066,51.30097057,58.58926487,60.01814758,65.78012533,69.67617884,76.1637201,71.07411409,82.95757832,84.90295914,89.43432358,97.86476692,100.0002231,110.2801417,125.7581274,138.5892784,139.3012683,140.9397912,157.5002362,161.1708046,173.6896561,173.9243084,181.2868706,..
GDP deflator (base year varies by country),NY.GDP.DEFL.ZS,Liberia,LBR,36.96475385,37.23090959,36.71238421,42.4070226,49.55611642,49.79894659,54.34802142,60.87937486,71.42754571,69.48268569,74.00740074,82.09155872,88.49236657,92.66505433,93.42298157,93.48157032,100,97.38206585,97.17768738,96.63307774,91.21399536,100.2857959,109.1025344,..
GDP deflator (base year varies by country),NY.GDP.DEFL.ZS,Libya,LBY,22.68143587,24.3110686,30.93517907,35.37826436,43.37564219,55.76741426,66.74216982,68.37026908,84.58043017,63.56450423,75.81881599,94.27520337,99.91468051,100,98.99339598,92.02356075,96.34159547,98.08216422,101.6107426,105.8526651,101.1976952,212.9189835,264.2388318,..
GDP deflator (base year varies by country),NY.GDP.DEFL.ZS,Liechtenstein,LIE,102.3844329,103.3937959,104.0667048,104.7249853,105.5734343,106.8303577,108.2350505,115.3587977,112.9170063,101.7374745,..,..,..,..,..,..,..,..,..,..,..,..,..,..
GDP deflator (base year varies by country),NY.GDP.DEFL.ZS,Lithuania,LTU,65.8997983,65.68772576,65.89704404,65.36097521,67.11382402,71.73468368,76.56643439,83.11637557,91.18623472,88.18070106,90.41474472,95.25189043,97.85631857,99.11018312,99.93635774,100,101.5762528,105.8865718,109.6213757,112.6596013,114.7910812,122.3067696,142.4799987,..
GDP deflator (base year varies by country),NY.GDP.DEFL.ZS,Luxembourg,LUX,63.17412416,63.67324668,64.60568479,66.01794993,68.07594504,71.35538606,75.96114449,77.39869436,82.51472129,83.23316698,87.10219288,90.10674965,93.04961565,95.1674477,97.8289978,100,98.89238307,101.0115519,103.1442483,104.0733058,108.549514,113.5904366,120.046402,..
GDP deflator (base year varies by country),NY.GDP.DEFL.ZS,"Macao SAR, China",MAC,46.09339234,45.41162317,44.80423681,44.82688515,45.69376582,48.237904,51.97390256,56.52785937,62.22198444,62.79573888,65.8041166,70.73326646,75.62866824,81.47681287,88.59016473,92.58917011,93.38699687,95.393801,98.77355291,101.1476782,100.8864329,100,99.57122537,..
GDP deflator (base year varies by country),NY.GDP.DEFL.ZS,Madagascar,MDG,49.1094981,52.99746998,61.7412711,60.68919687,69.1588609,81.85907285,90.67172362,100,107.4863003,114.934197,126.6787951,139.8358918,147.4795662,155.5205982,165.9898884,176.7854005,192.6255151,202.1827066,218.9598141,233.2405716,243.2959112,259.4525684,281.0673128,..
GDP deflator (base year varies by country),NY.GDP.DEFL.ZS,Malawi,MWI,4.799498401,6.029248437,12.82382851,14.15059421,16.25148003,17.99708998,21.59061565,22.47577149,25.16492282,27.15290717,30.44580052,34.70524039,40.82716306,51.86939638,62.74603602,75.17895553,90.43478261,100,106.129094,114.3311197,124.6908562,136.3903704,166.2470897,..
GDP deflator (base year varies by country),NY.GDP.DEFL.ZS,Malaysia,MYS,61.54682736,60.57323415,62.4684999,64.52929378,68.40704141,74.46967461,77.43426147,81.21407816,89.65132785,84.27923959,90.40368209,95.29669829,96.24960076,96.41753175,98.79660232,100,101.65826,105.4998859,106.158917,106.2351676,105.3661558,111.3799456,118.559222,..
GDP deflator (base year varies by country),NY.GDP.DEFL.ZS,Maldives,MDV,23.053455,34.78601009,34.95908274,36.04678804,39.72210437,42.42905883,46.477775,51.46252282,57.41424717,64.54074694,66.66760858,75.08692614,80.2958659,85.71310658,89.29865434,95.83839592,96.04816333,98.10703545,101.3271193,100,96.63467527,99.27479475,102.4454954,..
GDP deflator (base year varies by country),NY.GDP.DEFL.ZS,Mali,MLI,99.38027208,104.029641,107.6840793,99.5062442,103.0870999,110.8203953,115.9700788,121.2525693,130.075352,136.1055571,142.0465643,159.3519412,166.6907476,167.7786244,169.907137,174.8064252,177.1682738,180.5951923,183.228205,186.7655026,187.7597304,194.0665309,205.1938882,..
GDP deflator (base year varies by country),NY.GDP.DEFL.ZS,Malta,MLT,68.72337144,71.75855624,73.71450976,75.09413926,76.68100833,78.16668713,79.85518468,81.6790775,84.31738395,86.02131578,88.74448801,89.74188876,91.66783672,93.75435372,95.95076432,100,101.9970175,104.1764738,105.9816414,108.4165774,110.2505172,112.4313626,118.360514,..
GDP deflator (base year varies by country),NY.GDP.DEFL.ZS,Marshall Islands,MHL,76.34528807,76.09917974,78.6785126,79.76452805,79.59086673,80.97862102,83.782154,85.05812523,89.70313291,89.26313884,90.10020206,96.62894605,102.6406874,102.1552138,103.1871347,99.87685444,107.2477201,109.5609364,106.9730831,102.4842433,109.4669143,115.9225607,117.1590075,..
GDP deflator (base year varies by country),NY.GDP.DEFL.ZS,Mauritania,MRT,36.56597337,38.69653331,41.29492467,43.1472001,47.86644257,54.84788727,62.57653755,68.14308705,75.44551635,75.17472114,91.97113593,108.1100153,108.6028209,113.476881,100,95.20609142,105.8788178,107.555873,112.4544593,118.4460833,126.0750455,135.4863876,138.5094766,..
GDP deflator (base year varies by country),NY.GDP.DEFL.ZS,Mauritius,MUS,49.03204625,52.0877295,55.32721343,58.4383692,62.43873841,64.90388204,72.07129547,78.05920593,82.49819319,81.95848932,82.88168525,85.50195972,87.61003067,91.23212012,93.21030987,94.51481681,96.76864742,98.35227183,100.0000551,99.534212,102.0952675,105.3186197,115.5778258,..
GDP deflator (base year varies by country),NY.GDP.DEFL.ZS,Mexico,MEX,39.39288853,41.94279382,44.25062227,46.14440167,49.89014722,52.82617378,56.05234975,59.48712124,63.24098562,66.55701559,69.46753021,73.40608466,76.74034681,78.04791238,81.45733311,84.08468149,89.19500187,95.0529683,100,104.2875805,109.3364892,114.1549968,121.8261256,..
GDP deflator (base year varies by country),NY.GDP.DEFL.ZS,"Micronesia, Fed. Sts.",FSM,98.19597285,99.28481579,99.3783251,99.01646342,100,102.0969947,103.5107409,106.7966479,112.1417969,118.1544135,122.4114988,124.3647364,133.222616,134.0711703,138.1253407,130.8732647,136.1708022,146.3442358,160.0806034,163.7596056,165.1821862,167.768595,176.6666667,..
GDP deflator (base year varies by country),NY.GDP.DEFL.ZS,Moldova,MDA,21.60971921,24.2221724,26.60258267,30.55731529,32.9979546,36.08133102,40.92277498,47.43306261,51.81789294,52.94202601,70.57433183,76.35493321,82.02369297,85.24218065,89.62636264,100.0000001,103.550874,110.0253577,113.5583073,119.6356208,126.3053179,134.3657805,160.2354978,..
GDP deflator (base year varies by country),NY.GDP.DEFL.ZS,Monaco,MCO,82.46072442,83.82037389,85.81464731,87.42906424,87.21813848,89.00974454,90.94100075,93.26517294,95.47613906,95.58705341,96.60932019,97.52519397,98.65801439,99.42592406,100,101.1379724,101.6656514,102.1972498,103.2125038,104.5309033,107.4986336,109.0293454,112.2436622,..
GDP deflator (base year varies by country),NY.GDP.DEFL.ZS,Mongolia,MNG,16.27490943,17.97540061,19.12037743,21.07764912,24.59581923,29.5391949,36.03391021,40.22413783,48.85171411,49.74409017,69.23292333,79.70043281,89.88963809,92.50349244,99.39392643,100,102.9931268,114.1168442,123.2012478,135.487139,140.5092703,160.7707991,189.2508838,..
GDP deflator (base year varies by country),NY.GDP.DEFL.ZS,Montenegro,MNE,47.13501587,56.6585288,58.40086686,63.26027112,66.98359776,69.88705752,76.95051484,89.29456007,96.10695439,98.42112565,100,101.2027035,101.3818495,103.4773829,104.5496448,106.8702004,112.3217229,116.6179977,120.3802184,122.8144854,122.5988159,128.3931334,144.2565187,..
GDP deflator (base year varies by country),NY.GDP.DEFL.ZS,Morocco,MAR,86.00088356,86.52937869,87.35967943,88.11132932,88.91626612,89.70426108,91.00081667,93.88694773,98.42205007,97.97663244,98.61103217,98.02050502,98.54312336,99.78502537,100,103.1729353,104.173593,104.1101606,105.0879441,105.9463082,106.0971948,108.6377315,111.9528248,..
GDP deflator (base year varies by country),NY.GDP.DEFL.ZS,Mozambique,MOZ,32.94469864,37.81460742,41.53249327,43.04433721,45.53844001,48.87688489,52.52375768,56.42957053,59.33727574,60.21034853,64.81356694,66.33562431,68.44193599,70.22227245,70.98479567,75.99628699,85.23811283,92.03842005,95.53138109,100.0000089,103.1716722,107.8665734,114.7710208,..
GDP deflator (base year varies by country),NY.GDP.DEFL.ZS,Myanmar,MMR,15.47485693,19.3195023,27.33882061,32.94233274,34.12862834,40.66887824,49.33155216,60.99545903,69.30222195,72.68319963,77.80243139,85.78074137,88.46576174,92.33885546,96.19264655,100.1718446,103.5313899,109.6122118,115.4667037,121.7283857,128.2336842,153.2613203,162.7079142,..
GDP deflator (base year varies by country),NY.GDP.DEFL.ZS,Namibia,NAM,37.67865617,41.90008402,46.09160153,46.67747551,47.62981401,50.29616986,55.02732223,60.13739836,66.7293066,71.36392672,74.0228742,76.84675533,85.49993703,88.9539557,96.27921771,99.99999966,107.9686716,118.6781255,123.933768,125.0817896,130.8749913,133.4543613,142.4822583,..
GDP deflator (base year varies by country),NY.GDP.DEFL.ZS,Nauru,NRU,..,..,..,..,84.31372549,85.10638298,90.69767442,72.5,63.63636364,96.77419355,88.52459016,98.50746269,111.3636364,100,101.8867925,102,124.0740741,143.5643564,155.0458716,148.3050847,151.2195122,153.5433071,162.0155039,..
GDP deflator (base year varies by country),NY.GDP.DEFL.ZS,Nepal,NPL,36.95506882,41.02646356,42.6407966,43.9499991,45.78114379,48.58267071,52.15837436,56.12412627,59.27822052,68.70839558,79.11560985,100,107.74115,115.3720797,124.6426488,130.1381998,139.4435167,150.9635209,157.5392782,164.9296914,170.2361432,181.7487235,195.0661176,..
GDP deflator (base year varies by country),NY.GDP.DEFL.ZS,Netherlands,NLD,77.83788495,81.0952875,84.15301883,85.97937439,87.01460096,88.7450951,91.01795139,92.9040306,95.04669994,95.25646954,96.15227446,96.33847535,97.73163525,98.98258753,99.23319732,100,100.4546673,101.7211065,104.2001421,107.3602551,109.4307749,112.6310931,118.8654763,..
GDP deflator (base year varies by country),NY.GDP.DEFL.ZS,New Caledonia,NCL,149.8835521,..,..,..,..,..,..,..,..,..,..,..,..,..,..,..,..,100,99.22557219,101.6407991,102.0779816,107.0059422,111.1210857,..
GDP deflator (base year varies by country),NY.GDP.DEFL.ZS,New Zealand,NZL,70.2767356,72.9904771,73.20794631,74.72254262,76.78341541,78.3192335,80.42677156,84.68995305,86.98297561,89.3338294,92.13631533,94.42603085,94.26214714,98.18045854,98.58901716,100,102.3481048,105.9478472,107.8044788,111.1465135,113.382052,118.8299085,125.1301565,..
GDP deflator (base year varies by country),NY.GDP.DEFL.ZS,Nicaragua,NIC,66.34554957,71.14996878,73.46118926,77.37746197,84.3808205,92.70675548,100.0008415,109.674061,127.4393973,135.1341398,143.4279536,158.0772421,167.9463911,175.2518766,189.9606408,204.3748384,213.7558672,222.5720318,228.4866073,240.8145973,253.7592232,262.7805272,286.2104952,..
GDP deflator (base year varies by country),NY.GDP.DEFL.ZS,Niger,NER,59.55091813,62.53592037,64.14453306,64.02363255,64.2713669,69.78898947,70.83317065,75.81746079,83.49709913,86.99567768,90.0188149,93.59400682,98.56229433,98.19842789,97.8000596,100,101.7927215,102.1676004,104.6233889,104.5978789,105.814331,109.1143054,113.2414092,..
GDP deflator (base year varies by country),NY.GDP.DEFL.ZS,Nigeria,NGA,27.77284106,30.57136507,37.02468981,40.65471028,49.7484947,59.62779691,73.85760163,79.10129266,85.36721233,85.95291582,100,109.7784581,120.6988203,126.6912098,132.5983432,136.3955157,149.4126537,166.0257243,183.0076407,202.0125801,217.8688345,239.9411995,267.0817522,..
GDP deflator (base year varies by country),NY.GDP.DEFL.ZS,North Macedonia,MKD,88.86752396,93.06114774,93.93961411,95.49116678,95.33261129,100,103.2526242,107.9945552,113.9247458,114.2609122,116.5933008,120.9331044,122.1460614,127.6222274,129.46888,132.0626865,136.6389925,140.474486,145.9897324,147.2571696,151.5425688,156.5459111,166.9868152,..
GDP deflator (base year varies by country),NY.GDP.DEFL.ZS,Northern Mariana Islands,MNP,..,..,88.12628689,84.74692202,85.39167255,85.7720291,85.9375,87.25581395,98.22175732,100.8883249,100,98.51351351,100,100.7832898,104.2606516,110.3030303,115.3846154,118.8118812,122.7358491,125.6382979,129.8033283,..,..,..
GDP deflator (base year varies by country),NY.GDP.DEFL.ZS,Norway,NOR,61.41858415,62.47046355,61.52078337,63.28078426,66.98284039,72.85254946,79.21417122,81.65211567,90.27979097,85.66112741,90.76255708,96.81895191,100.0653778,102.620286,102.8853879,100,98.40190284,102.4176346,109.323612,108.7240076,105.987141,127.4108257,163.1718383,..
GDP deflator (base year varies by country),NY.GDP.DEFL.ZS,Oman,OMN,38.28357879,36.53687756,38.25548692,42.21363966,47.70474326,58.42143397,66.38435349,71.87043156,96.12749062,71.9724434,95.04177807,110.1386815,114.1107606,111.5770318,113.5377745,91.79929568,83.41225932,89.49963871,100,97.33383836,86.83767052,97.86233387,121.9818284,..
GDP deflator (base year varies by country),NY.GDP.DEFL.ZS,Pakistan,PAK,30.93201332,32.79189108,34.07778527,35.28845246,37.84733918,39.9501683,42.34623484,46.72116182,51.823331,58.23627454,64.40270649,74.97180648,82.40774674,88.49199883,94.87206438,99.08626282,100,104.029746,108.0263469,117.7879693,129.5013918,142.7977427,162.7280436,..
GDP deflator (base year varies by country),NY.GDP.DEFL.ZS,Palau,PLW,63.0598924,63.54126086,63.79955235,62.22482677,63.66886648,70.61146858,71.61735264,72.57591276,76.79198758,77.7483821,76.92715041,76.36108185,81.01174187,87.29438462,89.75899095,96.86272844,103.1109575,102.9189189,102.5350364,100,98.92701343,103.5530168,..,..
GDP deflator (base year varies by country),NY.GDP.DEFL.ZS,Panama,PAN,53.91887427,54.47327573,55.38370711,56.01029858,57.11090349,58.10938561,59.25413164,62.11310805,66.78866919,71.11053733,72.95240972,77.21582071,81.98464665,86.49722131,90.12827893,92.36235068,94.21154534,95.84060197,100,100.3152509,99.76254517,101.6932625,104.1841411,..
GDP deflator (base year varies by country),NY.GDP.DEFL.ZS,Papua New Guinea,PNG,33.24413381,35.54260463,39.9109441,42.12174597,41.28252414,46.3117178,74.33692313,76.41482738,85.32895423,81.16549006,89.21480248,97.09529607,96.53727048,100,105.4373927,104.1393335,106.7614015,114.981533,126.2469702,127.5904183,129.6734865,145.1235722,167.5384918,..
GDP deflator (base year varies by country),NY.GDP.DEFL.ZS,Paraguay,PRY,28.99839383,33.03949536,38.96988132,44.87160666,50.18216366,56.68217105,61.70184927,69.49818991,77.9941734,80.83937348,84.60301331,88.91413797,93.18048361,97.22235117,100,101.6038881,105.8049593,108.0895099,110.2083325,113.5827788,116.0860541,125.8931502,135.4213814,..
GDP deflator (base year varies by country),NY.GDP.DEFL.ZS,Peru,PER,81.26836688,81.63833974,81.72733943,83.20147561,88.42572836,91.52392041,98.53121881,100,101.1032763,103.1897429,109.0826291,116.441111,117.8414143,119.0872742,121.984002,125.2660071,129.1253058,133.7940356,136.8410814,139.4030424,144.870287,157.1139786,164.0028904,..
GDP deflator (base year varies by country),NY.GDP.DEFL.ZS,Philippines,PHL,52.93276086,55.90697979,58.27245544,60.13258874,63.67485435,67.43860714,70.88578999,73.12882178,78.37889798,80.52511487,84.04477452,87.33832601,89.08000603,90.91600139,93.69171719,93.01743403,94.20834716,96.3942257,100,100.6970763,102.3590717,104.6953954,110.4338314,..
GDP deflator (base year varies by country),NY.GDP.DEFL.ZS,Poland,POL,70.66900567,72.87371476,74.22203905,74.79802858,78.4755694,80.48391264,81.87501675,84.91838236,88.22539159,91.56520932,92.99669473,95.89453114,98.02746307,98.24279523,98.7000776,100,100.0872764,101.8509206,103.1033212,106.2299672,110.7500937,116.5766119,129.1099543,..
GDP deflator (base year varies by country),NY.GDP.DEFL.ZS,Portugal,PRT,73.67024462,76.40781825,79.60913903,82.3374666,84.31324853,87.12332751,89.89780704,92.56448659,94.17300215,95.20714966,95.81865649,95.56461882,95.19364044,97.3342169,98.02003026,100,101.7166625,103.2545273,105.1265286,106.965667,109.1086975,111.1824111,116.7397649,..
GDP deflator (base year varies by country),NY.GDP.DEFL.ZS,Puerto Rico,PRI,620.4054136,654.5581796,671.2479616,700.9001583,691.8432803,737.4366002,777.9429886,807.3685575,860.3469345,903.2141987,925.7412513,947.6797114,958.8550173,970.1888293,981.8364785,1001.254286,1023.490808,1044.90404,1066.274833,1092.006773,1118.277436,1148.419382,1184.883272,..
GDP deflator (base year varies by country),NY.GDP.DEFL.ZS,Qatar,QAT,47.79560148,45.42879151,46.79574619,54.83360244,62.02052474,80.96326743,87.73310296,97.35730205,119.6517004,90.67433091,97.00279159,114.7253678,121.9874403,122.9236799,121.1010278,90.66857261,82.52952771,88.95657217,100,95.54408579,81.11652725,99.34018421,125.3089004,..
GDP deflator (base year varies by country),NY.GDP.DEFL.ZS,Romania,ROU,37.08972186,51.16761367,62.78996311,77.32788367,89.28014215,100,110.6065794,128.1003675,148.6163843,154.6900063,163.8326503,170.348182,176.8266821,179.2840197,182.3502502,188.3035378,193.2395136,202.2289551,214.7919691,229.4092606,238.8364102,251.8422489,285.4657825,..
GDP deflator (base year varies by country),NY.GDP.DEFL.ZS,Russian Federation,RUS,14.93679723,17.39832456,20.12323385,22.87149142,27.50414622,32.80678943,37.76730939,42.99477304,50.73964436,51.73952619,59.08193904,73.53343218,80.08369356,84.34425727,90.66170213,97.2344361,100,105.3498151,115.8826651,119.6640703,120.7389481,143.6678983,166.3741929,..
GDP deflator (base year varies by country),NY.GDP.DEFL.ZS,Rwanda,RWA,36.0101653,35.86890516,33.99377098,40.91534306,45.45517777,49.56011695,50.77988592,57.34887456,65.6389917,70.33079214,72.57241336,77.79213979,81.46677139,83.65860978,87.61744256,88.04354392,92.47138295,100,99.36162335,101.7913356,108.635551,111.5957341,129.4797561,..
GDP deflator (base year varies by country),NY.GDP.DEFL.ZS,Samoa,WSM,65.70303527,67.91515702,68.92121928,70.6769861,75.67579907,78.69914818,82.84982834,89.05419473,97.17578134,98.80612278,93.72161556,92.86888017,96.60822266,98.87493182,99.71844694,103.6719507,105.9991336,106.3223307,107.4893069,109.1010942,110.4360653,109.9929374,116.1947542,..
GDP deflator (base year varies by country),NY.GDP.DEFL.ZS,San Marino,SMR,89.49958983,91.91919192,94.11309063,96.42058166,98.35948645,100,102.0120724,100,102.8319698,103.8596491,105.3452116,105.5060729,108.7979094,110.9745391,111.4058355,110.5784241,112.0344161,113.9875747,116.3406157,117.4040855,117.8086327,125.9896918,..,..
GDP deflator (base year varies by country),NY.GDP.DEFL.ZS,Sao Tome and Principe,STP,..,35.99483699,40.1395749,45.69481089,52.47562004,62.4945667,70.82196703,77.62270442,100,113.9533328,121.8905773,136.1282319,144.9327131,155.3715404,162.5538985,169.8748539,181.8569338,189.2781239,206.1610695,229.3837952,250.6437326,263.5878144,306.5621609,..
GDP deflator (base year varies by country),NY.GDP.DEFL.ZS,Saudi Arabia,SAU,49.97447585,49.15157431,52.07945823,53.28590943,59.17745738,71.1014859,79.32960685,86.02137611,101.2383825,85.3305622,100,115.4120671,120.0216662,118.5853754,115.9207563,96.6993757,93.97537111,100.9591112,116.3266095,114.2736531,104.6024701,119.3662262,139.2847625,..
GDP deflator (base year varies by country),NY.GDP.DEFL.ZS,Senegal,SEN,69.86063481,74.74734094,76.17101266,75.46804567,75.36621278,78.92416031,81.20151064,86.55164468,93.66319755,92.08118991,93.55855506,97.16754862,100.3489226,101.5391917,100,101.0697846,102.0356575,102.6467663,101.7848984,103.9079297,105.5732972,107.2937954,116.3592243,..
GDP deflator (base year varies by country),NY.GDP.DEFL.ZS,Serbia,SRB,16.6300449,31.06928261,37.13065881,41.76729102,45.16020208,51.78429876,58.18263332,63.24561538,68.9916091,74.43345535,78.69770456,85.70895998,91.02234892,95.68764778,98.1615399,100,101.5498888,104.566726,106.6318588,109.2343164,111.908827,118.3686816,130.6199309,..
GDP deflator (base year varies by country),NY.GDP.DEFL.ZS,Seychelles,SYC,29.27171772,31.07390759,32.19665801,34.11134007,42.52801303,42.72306569,43.33927945,48.14100971,63.51066061,81.42478057,79.70804123,80.5568993,88.97563472,93.99560089,99.99989767,100.5206301,100.3189,104.8623988,106.9752775,106.6080222,104.3440615,103.3497892,98.73373285,..
GDP deflator (base year varies by country),NY.GDP.DEFL.ZS,Sierra Leone,SLE,36.25857706,62.12978145,59.68549212,67.56259638,76.22848071,88.89442775,100,106.602019,116.4240279,126.3760356,148.4083371,174.0757308,195.0365638,208.6094502,212.3547491,254.0619385,268.9289038,293.0141781,334.0671169,359.7995887,399.0715593,425.7754761,533.6328112,..
GDP deflator (base year varies by country),NY.GDP.DEFL.ZS,Singapore,SGP,85.72719551,84.17173408,83.41678464,81.91607592,85.15956606,86.77803949,88.37838536,93.60757929,92.3143387,95.0412347,96.09410978,97.21917789,97.70074898,97.27960072,97.01960149,100,100.4694832,103.3581346,107.0114837,106.795697,103.9159992,113.0443605,123.2768663,..
GDP deflator (base year varies by country),NY.GDP.DEFL.ZS,Sint Maarten (Dutch part),SXM,..,..,..,..,..,..,..,..,..,66.57063675,67.32205795,67.52066898,70.1358082,71.83216833,94.1436027,97.91667696,97.60251355,100.0970582,100,100.7592439,102.0828952,106.823318,110.5202999,..
GDP deflator (base year varies by country),NY.GDP.DEFL.ZS,Slovak Republic,SVK,73.12577292,76.87090025,79.89793988,84.1527311,88.98202739,91.24493377,93.89019193,94.93757802,97.65096517,96.51702039,97.03116302,98.65821191,99.9016681,100.4105463,100.2169743,100,99.48770414,100.6972776,102.7462535,105.3090721,107.8057369,110.3780882,118.6388513,..
GDP deflator (base year varies by country),NY.GDP.DEFL.ZS,Slovenia,SVN,64.75803056,70.37593117,75.71161367,79.98209018,82.67024192,83.92730507,85.79140679,89.37532953,93.3664902,96.54065292,95.54694272,96.54064526,97.00311768,98.55551283,99.00495713,100,100.8741154,102.3509771,104.5132351,106.9116579,108.113407,111.0070274,118.2032772,..
GDP deflator (base year varies by country),NY.GDP.DEFL.ZS,Solomon Islands,SLB,38.45778298,42.2677964,47.03522493,59.21127186,61.43929561,68.01287392,73.68767845,80.53646574,85.71428571,89.89125165,91.4601038,95.55461523,100,102.3522743,106.1088849,109.6717803,110.0500848,112.8857296,121.7561484,123.266363,121.6319133,123.0366492,131.6422436,..
GDP deflator (base year varies by country),NY.GDP.DEFL.ZS,Somalia,SOM,..,..,..,..,..,..,..,..,..,..,..,..,..,61.03063369,66.70250297,71.30448854,73.4656073,75.03291034,75.78634642,87.07984413,89.74464486,93.86267354,100,..
GDP deflator (base year varies by country),NY.GDP.DEFL.ZS,South Africa,ZAF,37.256436,40.16261496,45.19818672,48.08895589,50.99457312,53.84874436,57.11447525,61.82400052,66.67738965,72.45367981,76.89395462,81.15315416,84.95534692,89.92023204,94.74584282,100.0000002,106.9521721,112.8060089,117.3106857,122.7228431,129.1775344,137.57424,144.1220641,..
GDP deflator (base year varies by country),NY.GDP.DEFL.ZS,South Sudan,SSD,..,..,..,..,..,..,..,..,113.4154956,99.99920289,112.9255023,156.7782499,229.6909612,313.5560891,229.835721,270.492125,..,..,..,..,..,..,..,..
GDP deflator (base year varies by country),NY.GDP.DEFL.ZS,Spain,ESP,74.01812033,77.05895674,80.20656439,83.36149228,86.59777298,90.14914085,93.73674008,96.93915903,99.12448485,99.26700142,99.4193558,99.39973108,99.28581126,99.68064753,99.45763933,100,100.322098,101.6254946,102.8912934,104.3804992,105.5679771,108.3722048,112.8613318,..
GDP deflator (base year varies by country),NY.GDP.DEFL.ZS,Sri Lanka,LKA,24.50404604,27.85247496,30.11174803,32.74612381,35.62827143,39.34028368,43.77669905,49.91788825,58.06798986,61.48231952,78.04250615,81.14854275,89.63947766,95.24453134,97.07382525,100,105.4432217,111.2139661,115.9909465,120.4804081,124.4212043,134.9921774,200.9321801,..
GDP deflator (base year varies by country),NY.GDP.DEFL.ZS,St. Kitts and Nevis,KNA,78.8738645,81.50290541,84.3359634,85.74386036,89.03569547,87.58996431,100,106.3243771,107.8997013,111.1826468,111.7718356,118.0977343,117.2009929,117.521629,119.0124953,118.6472041,120.1719621,126.2353669,125.7851154,124.3622385,116.2079124,113.8918367,117.6822272,..
GDP deflator (base year varies by country),NY.GDP.DEFL.ZS,St. Lucia,LCA,61.67138264,61.10885284,61.36044438,64.56623142,65.02344739,69.50807327,73.1055425,75.73068949,77.64877634,77.89603841,82.12019992,83.2800697,84.95680456,90.05906698,93.64687221,96.64998891,96.45785855,99.86218547,100,102.8791711,103.7967768,113.0453719,116.5860624,..
GDP deflator (base year varies by country),NY.GDP.DEFL.ZS,St. Martin (French part),MAF,..,..,..,..,..,..,..,..,..,..,..,..,..,..,99.96563574,..,..,..,..,104.7156422,..,107.4857199,..,..
GDP deflator (base year varies by country),NY.GDP.DEFL.ZS,St. Vincent and the Grenadines,VCT,72.17872622,76.59550838,76.75397306,75.08573257,77.89936482,80.16123862,83.12902657,89.21940161,91.23408487,90.19045157,95.22361754,94.91994515,95.95717512,98.10870893,97.77342484,97.05592015,96.4764011,98.47463486,100,102.3124706,101.4259102,100.9858448,104.6842236,..
GDP deflator (base year varies by country),NY.GDP.DEFL.ZS,Sudan,SDN,206.479813,250.1172382,277.1329894,304.291812,356.8551733,421.283244,453.5209091,522.939638,569.4342881,580.0379056,711.52913,898.8630095,1169.677788,1595.775372,2139.407937,2439.407644,2944.013452,3963.300703,6181.77117,9394.987414,20260.56422,67977.32193,147418.6444,..
GDP deflator (base year varies by country),NY.GDP.DEFL.ZS,Suriname,SUR,12.53415154,17.48893026,24.03910868,29.16376063,32.90778318,38.0215908,52.86374637,56.26034847,64.99259773,69.20647355,74.18695492,84.45772847,93.52443504,93.88335018,95.37016874,99.99798458,124.0722469,158.9888172,167.9885283,176.6885006,256.5830763,412.307117,593.2648981,..
GDP deflator (base year varies by country),NY.GDP.DEFL.ZS,Sweden,SWE,78.2630781,80.20675962,81.44807103,82.83288325,83.10873489,83.67917916,85.14976851,87.55601006,90.38865299,92.52083553,93.39753097,94.41403178,95.35951469,96.24387472,97.92287923,100,101.5256099,103.6933358,106.1787825,108.8830239,111.0542014,113.9259357,120.7552995,..
GDP deflator (base year varies by country),NY.GDP.DEFL.ZS,Switzerland,CHE,92.47584001,93.37690917,93.14396749,94.24284205,94.52239203,95.39638226,97.44765059,99.764041,101.2105478,101.6736305,101.9916012,101.9707409,102.0357169,101.9471064,101.2812656,100,99.41670841,99.05098494,99.80802092,99.70432522,99.00720492,100.2410248,102.744203,..
GDP deflator (base year varies by country),NY.GDP.DEFL.ZS,Syrian Arab Republic,SYR,100,106.5541184,106.9740741,105.44366,116.3321638,130.2343797,142.0811582,157.3819696,182.4845921,177.4111134,189.6511764,211.6015511,267.1390344,352.0096236,482.5861292,667.004236,912.9356451,1252.738858,1417.94931,1699.147857,2529.230557,3750.537561,..,..
GDP deflator (base year varies by country),NY.GDP.DEFL.ZS,Tajikistan,TJK,100,130.9477063,155.5916752,197.735966,232.2044661,254.2971529,307.8583353,391.7127982,502.0327834,562.9102903,633.0583003,717.4092392,802.5550666,831.711968,871.356861,931.1864097,936.2277576,1028.029267,1053.650085,1092.199813,1110.286218,1221.809018,1295.422577,..
GDP deflator (base year varies by country),NY.GDP.DEFL.ZS,Tanzania,TZA,29.10382282,30.50545396,32.71192281,35.46583578,37.90787957,40.33004645,42.55227044,46.42426728,54.02891259,58.91402449,64.46886069,72.33304495,79.9163647,87.64122722,92.94426282,100.0000001,107.4720338,110.3434607,113.6621232,116.2540844,123.7211005,127.029778,130.4841906,..
GDP deflator (base year varies by country),NY.GDP.DEFL.ZS,Thailand,THA,96.48746513,98.33764339,100,102.149549,105.7955314,111.1821703,116.8571454,119.7474173,125.8949867,126.1401951,131.2879628,136.2022001,138.8024968,141.2714405,143.3078194,144.3426646,148.1477792,150.9625055,153.119135,154.6724113,152.6895972,155.3003037,162.6379993,..
GDP deflator (base year varies by country),NY.GDP.DEFL.ZS,Timor-Leste,TLS,44.06526223,49.27995784,51.93715175,55.4691075,49.65309903,50.5654634,51.76922404,56.15796787,60.23321899,61.29641113,68.01682641,75.88343032,80.55820407,93.96531922,93.28120367,99.99999373,100.2225195,100.070491,98.74775696,103.5608179,83.72706566,133.1486533,148.2682095,..
GDP deflator (base year varies by country),NY.GDP.DEFL.ZS,Togo,TGO,50.5728683,51.39925602,53.98353637,52.42173491,51.42158641,54.44319995,54.16621297,80.29046331,87.57617966,90.30613056,90.22184244,92.76573305,94.38949752,95.97833318,96.43890995,98.56318069,100,99.11534057,99.56424182,99.57676376,102.5074855,105.0873673,110.3673419,..
GDP deflator (base year varies by country),NY.GDP.DEFL.ZS,Tonga,TON,44.13139542,44.90738477,48.13598089,52.4407514,57.10336021,61.36011236,71.09380156,72.20217056,75.48325536,79.2380866,85.37159689,85.77873588,89.37635545,87.25681724,87.26709305,91.87773523,94.68456075,100,105.1398704,113.2395628,108.485688,106.3743267,..,..
GDP deflator (base year varies by country),NY.GDP.DEFL.ZS,Trinidad and Tobago,TTO,55.95399192,57.51731715,54.53071037,60.24474436,65.59702282,74.33548148,75.62090004,85.263964,105.5504105,76.38494059,86.11129183,99.6563425,99.99999998,101.6537753,100.7225598,91.92585736,91.24419773,98.73867325,101.3918084,97.52648755,93.82841697,111.7434373,135.0022891,..
GDP deflator (base year varies by country),NY.GDP.DEFL.ZS,Tunisia,TUN,53.64121997,55.74051076,57.01407153,58.54476039,60.50695212,63.03362326,65.45022294,66.84200659,71.08000654,73.2287871,80.15990978,83.82411069,87.73183212,91.6800016,95.9565624,100.0000184,104.934983,109.8814982,118.5894473,127.0505211,135.5570071,141.594292,152.317384,..
GDP deflator (base year varies by country),NY.GDP.DEFL.ZS,Turkiye,TUR,23.32510064,35.68268313,49.09038739,60.52318565,68.04471125,72.86596219,79.69802518,84.63911003,94.83486722,100,107.0092836,115.7849513,124.37929,132.1904458,141.9586835,153.0952243,165.5425979,183.723184,214.0600696,243.7453534,279.7937695,360.8584643,707.4129139,..
GDP deflator (base year varies by country),NY.GDP.DEFL.ZS,Turkmenistan,TKM,37.49436858,49.61062232,62.08923183,78.94914666,93.43454962,100,112.2499593,122.6547949,195.9292423,215.0539272,220.0132603,248.3013649,268.8360965,271.9342869,273.7540194,259.6466596,247.0132843,243.2032459,246.1481355,256.9361985,269.4202749,281.3924105,312.8489154,..
GDP deflator (base year varies by country),NY.GDP.DEFL.ZS,Turks and Caicos Islands,TCA,..,..,..,..,..,..,..,..,..,..,..,99.24948992,100,102.6246755,105.2690866,105.9250902,108.2389217,109.9186484,113.3237782,115.7368096,122.0562594,126.5353882,129.8715378,..
GDP deflator (base year varies by country),NY.GDP.DEFL.ZS,Tuvalu,TUV,61.9047619,64.28571429,67.39130435,68.18181818,72.09302326,73.17073171,76.19047619,75.55555556,79.16666667,80,79.54545455,80.85106383,82.60869565,83.33333333,89.58333333,92.45283019,100,102.9699622,110.4822322,117.5959001,118.6434741,124.2016429,131.0917819,..
GDP deflator (base year varies by country),NY.GDP.DEFL.ZS,Uganda,UGA,24.71272173,25.83331412,25.01451268,26.96733086,31.17087704,30.62813432,31.36493091,33.66123507,35.80352916,66.36301395,70.10430294,76.68825756,79.6311354,82.48742924,86.69949088,91.19733897,95.55748401,100,104.4433853,107.5766992,110.5043823,113.3168507,118.894631,..
GDP deflator (base year varies by country),NY.GDP.DEFL.ZS,Ukraine,UKR,9.859489739,10.86524799,11.43608001,12.36976044,14.26366184,17.70064215,20.32962923,24.97339308,32.22070032,36.29015189,41.25218717,47.10253468,50.8625233,53.05408436,61.4906056,85.39918595,100,122.0983175,140.899664,152.5185691,168.2202708,209.9468898,282.002157,..
GDP deflator (base year varies by country),NY.GDP.DEFL.ZS,United Arab Emirates,ARE,50.80963223,49.61595765,51.4868958,53.58365164,58.13902402,67.74725758,75.85128567,85.35845598,101.17824,85.81636818,100,113.1672194,118.4631342,117.3385336,116.5546543,97.59470167,92.19822352,96.79542346,104.4778323,101.1403826,88.97187441,101.2889364,114.7011485,..
GDP deflator (base year varies by country),NY.GDP.DEFL.ZS,United Kingdom,GBR,73.37261036,74.47712393,76.05807829,77.87797784,79.91845592,82.26432485,84.55689473,86.46155179,89.40408055,91.09481179,92.53751797,94.56333517,96.01847921,98.05125184,99.34334987,100,101.9647983,103.8578166,105.8540183,108.0936064,113.5886783,113.4518867,119.2979516,..
GDP deflator (base year varies by country),NY.GDP.DEFL.ZS,United States,USA,74.5290394,76.20814315,77.39587098,78.92335536,81.04198026,83.58331418,86.16234666,88.49090697,90.18810326,90.76616817,91.85698838,93.76551372,95.51948723,97.19198548,99.00937003,100,101.0022355,102.9208842,105.3951625,107.2858785,108.6858649,113.568895,121.5649664,..
GDP deflator (base year varies by country),NY.GDP.DEFL.ZS,Uruguay,URY,25.77740845,27.02158557,30.43070356,35.46443952,39.04814099,39.31283599,42.22764656,46.58341486,50.73045147,55.10193228,58.26856153,64.02282685,70.04923951,76.35314336,84.15693595,92.45095571,99.99999999,105.6801839,113.3970592,122.906364,135.1447801,152.2823309,159.0026591,..
GDP deflator (base year varies by country),NY.GDP.DEFL.ZS,Uzbekistan,UZB,7.977562568,11.58657009,16.85650454,21.36817887,24.76962418,30.07796929,37.1360079,45.26771666,57.39565544,67.30304389,100,121.6265099,140.3555265,157.1811947,179.2257278,198.0456829,215.7318922,256.8543058,326.0056375,384.0830564,428.0314714,486.0036307,553.3070055,..
GDP deflator (base year varies by country),NY.GDP.DEFL.ZS,Vanuatu,VUT,87.36874037,90.53577468,93.13815421,93.88208849,95.86945795,96.2716705,100,105.7769601,113.3554251,116.2513324,117.9622135,121.2497141,120.6870721,124.3163571,126.0466055,133.4377513,135.5420434,142.8126364,147.3921311,152.2256538,156.4656586,157.5595952,177.1648847,..
GDP deflator (base year varies by country),NY.GDP.DEFL.ZS,"Venezuela, RB",VEN,194.219206,209.7507295,279.016453,376.4873792,504.318866,653.6177225,770.643502,889.696192,1157.783478,1248.457217,1822.03927,2334.928584,2663.206235,3608.71568,5068.097987,..,..,..,..,..,..,..,..,..
GDP deflator (base year varies by country),NY.GDP.DEFL.ZS,Viet Nam,VNM,30.56193357,31.36334839,32.8370896,35.17167613,38.13781336,45.31173421,49.19447314,53.93201189,66.16018746,70.27245539,100,121.4136793,132.4352011,137.783628,142.8790567,140.4265209,142.9816319,149.2198064,154.6314825,158.3785542,160.7027249,165.1674601,171.5437132,..
GDP deflator (base year varies by country),NY.GDP.DEFL.ZS,Virgin Islands (U.S.),VIR,..,..,68.00083385,72.0594391,76.9402229,86.7045232,84.82784714,87.01345944,76.262354,80.81954598,82.69267546,87.97916667,100,97.54697286,94.7130712,97.7321238,99.73739496,100.3703704,101.8431983,103.9344262,107.7140653,111.1,..,..
GDP deflator (base year varies by country),NY.GDP.DEFL.ZS,West Bank and Gaza,PSE,60.59811276,62.01895019,62.94170645,61.60380858,58.61283011,58.64578208,61.80862129,64.75703723,75.77114428,77.17498163,87.35923627,92.09395376,94.73496341,100.1712075,103.8497227,100,101.2780225,104.544659,104.2289417,108.2412029,110.6451337,120.5522677,122.4140913,..
GDP deflator (base year varies by country),NY.GDP.DEFL.ZS,"Yemen, Rep.",YEM,607.0428296,623.7255834,678.0638108,751.9208457,858.0418407,1017.065769,1155.271249,1281.060445,1542.111692,1407.866705,1740.352617,2055.594289,2176.733727,2377.188201,2547.473899,3731.444269,3736.459735,4429.706264,5087.679982,..,..,..,..,..
GDP deflator (base year varies by country),NY.GDP.DEFL.ZS,Zambia,ZMB,23.62838786,29.61375586,35.35613654,41.58154736,49.78010754,58.06859455,66.51307629,75.13996245,83.13503841,87.75708522,100,111.1123073,118.8812979,130.4498866,137.5408581,146.7001056,166.581615,183.3992448,196.99201,212.0293369,241.1695934,302.2583826,320.7009641,..
GDP deflator (base year varies by country),NY.GDP.DEFL.ZS,Zimbabwe,ZWE,3.277010571,3.272721285,3.361508587,3.657364222,3.935745389,4.13790893,4.054419223,4.090701686,4.145894355,8.101436591,8.310092008,8.490567348,8.902864673,9.62320794,9.683350534,9.718929067,9.914677505,10.21775978,30.73191294,100,704.9458642,1503.614144,5481.885589,..
GDP deflator (base year varies by country),NY.GDP.DEFL.ZS,Africa Eastern and Southern,AFE,..,..,..,..,..,..,..,..,..,..,..,..,..,..,..,..,..,..,..,..,..,..,..,..
GDP deflator (base year varies by country),NY.GDP.DEFL.ZS,Africa Western and Central,AFW,..,..,..,..,..,..,..,..,..,..,..,..,..,..,..,..,..,..,..,..,..,..,..,..
GDP deflator (base year varies by country),NY.GDP.DEFL.ZS,Arab World,ARB,..,..,..,..,..,..,..,..,..,..,..,..,..,..,..,..,..,..,..,..,..,..,..,..
GDP deflator (base year varies by country),NY.GDP.DEFL.ZS,Caribbean small states,CSS,..,..,..,..,..,..,..,..,..,..,..,..,..,..,..,..,..,..,..,..,..,..,..,..
GDP deflator (base year varies by country),NY.GDP.DEFL.ZS,Central Europe and the Baltics,CEB,..,..,..,..,..,..,..,..,..,..,..,..,..,..,..,..,..,..,..,..,..,..,..,..
GDP deflator (base year varies by country),NY.GDP.DEFL.ZS,Early-demographic dividend,EAR,..,..,..,..,..,..,..,..,..,..,..,..,..,..,..,..,..,..,..,..,..,..,..,..
GDP deflator (base year varies by country),NY.GDP.DEFL.ZS,East Asia & Pacific,EAS,..,..,..,..,..,..,..,..,..,..,..,..,..,..,..,..,..,..,..,..,..,..,..,..
GDP deflator (base year varies by country),NY.GDP.DEFL.ZS,East Asia & Pacific (excluding high income),EAP,..,..,..,..,..,..,..,..,..,..,..,..,..,..,..,..,..,..,..,..,..,..,..,..
GDP deflator (base year varies by country),NY.GDP.DEFL.ZS,East Asia & Pacific (IDA & IBRD countries),TEA,..,..,..,..,..,..,..,..,..,..,..,..,..,..,..,..,..,..,..,..,..,..,..,..
GDP deflator (base year varies by country),NY.GDP.DEFL.ZS,Euro area,EMU,..,..,..,..,..,..,..,..,..,..,..,..,..,..,..,..,..,..,..,..,..,..,..,..
GDP deflator (base year varies by country),NY.GDP.DEFL.ZS,Europe & Central Asia,ECS,..,..,..,..,..,..,..,..,..,..,..,..,..,..,..,..,..,..,..,..,..,..,..,..
GDP deflator (base year varies by country),NY.GDP.DEFL.ZS,Europe & Central Asia (excluding high income),ECA,..,..,..,..,..,..,..,..,..,..,..,..,..,..,..,..,..,..,..,..,..,..,..,..
GDP deflator (base year varies by country),NY.GDP.DEFL.ZS,Europe & Central Asia (IDA & IBRD countries),TEC,..,..,..,..,..,..,..,..,..,..,..,..,..,..,..,..,..,..,..,..,..,..,..,..
GDP deflator (base year varies by country),NY.GDP.DEFL.ZS,European Union,EUU,..,..,..,..,..,..,..,..,..,..,..,..,..,..,..,..,..,..,..,..,..,..,..,..
GDP deflator (base year varies by country),NY.GDP.DEFL.ZS,Fragile and conflict affected situations,FCS,..,..,..,..,..,..,..,..,..,..,..,..,..,..,..,..,..,..,..,..,..,..,..,..
GDP deflator (base year varies by country),NY.GDP.DEFL.ZS,Heavily indebted poor countries (HIPC),HPC,..,..,..,..,..,..,..,..,..,..,..,..,..,..,..,..,..,..,..,..,..,..,..,..
GDP deflator (base year varies by country),NY.GDP.DEFL.ZS,High income,HIC,..,..,..,..,..,..,..,..,..,..,..,..,..,..,..,..,..,..,..,..,..,..,..,..
GDP deflator (base year varies by country),NY.GDP.DEFL.ZS,IBRD only,IBD,..,..,..,..,..,..,..,..,..,..,..,..,..,..,..,..,..,..,..,..,..,..,..,..
GDP deflator (base year varies by country),NY.GDP.DEFL.ZS,IDA & IBRD total,IBT,..,..,..,..,..,..,..,..,..,..,..,..,..,..,..,..,..,..,..,..,..,..,..,..
GDP deflator (base year varies by country),NY.GDP.DEFL.ZS,IDA blend,IDB,..,..,..,..,..,..,..,..,..,..,..,..,..,..,..,..,..,..,..,..,..,..,..,..
GDP deflator (base year varies by country),NY.GDP.DEFL.ZS,IDA only,IDX,..,..,..,..,..,..,..,..,..,..,..,..,..,..,..,..,..,..,..,..,..,..,..,..
GDP deflator (base year varies by country),NY.GDP.DEFL.ZS,IDA total,IDA,..,..,..,..,..,..,..,..,..,..,..,..,..,..,..,..,..,..,..,..,..,..,..,..
GDP deflator (base year varies by country),NY.GDP.DEFL.ZS,Late-demographic dividend,LTE,..,..,..,..,..,..,..,..,..,..,..,..,..,..,..,..,..,..,..,..,..,..,..,..
GDP deflator (base year varies by country),NY.GDP.DEFL.ZS,Latin America & Caribbean,LCN,..,..,..,..,..,..,..,..,..,..,..,..,..,..,..,..,..,..,..,..,..,..,..,..
GDP deflator (base year varies by country),NY.GDP.DEFL.ZS,Latin America & Caribbean (excluding high income),LAC,..,..,..,..,..,..,..,..,..,..,..,..,..,..,..,..,..,..,..,..,..,..,..,..
GDP deflator (base year varies by country),NY.GDP.DEFL.ZS,Latin America & the Caribbean (IDA & IBRD countries),TLA,..,..,..,..,..,..,..,..,..,..,..,..,..,..,..,..,..,..,..,..,..,..,..,..
GDP deflator (base year varies by country),NY.GDP.DEFL.ZS,Least developed countries: UN classification,LDC,..,..,..,..,..,..,..,..,..,..,..,..,..,..,..,..,..,..,..,..,..,..,..,..
GDP deflator (base year varies by country),NY.GDP.DEFL.ZS,Low & middle income,LMY,..,..,..,..,..,..,..,..,..,..,..,..,..,..,..,..,..,..,..,..,..,..,..,..
GDP deflator (base year varies by country),NY.GDP.DEFL.ZS,Low income,LIC,..,..,..,..,..,..,..,..,..,..,..,..,..,..,..,..,..,..,..,..,..,..,..,..
GDP deflator (base year varies by country),NY.GDP.DEFL.ZS,Lower middle income,LMC,..,..,..,..,..,..,..,..,..,..,..,..,..,..,..,..,..,..,..,..,..,..,..,..
GDP deflator (base year varies by country),NY.GDP.DEFL.ZS,Middle East & North Africa,MEA,..,..,..,..,..,..,..,..,..,..,..,..,..,..,..,..,..,..,..,..,..,..,..,..
GDP deflator (base year varies by country),NY.GDP.DEFL.ZS,Middle East & North Africa (excluding high income),MNA,..,..,..,..,..,..,..,..,..,..,..,..,..,..,..,..,..,..,..,..,..,..,..,..
GDP deflator (base year varies by country),NY.GDP.DEFL.ZS,Middle East & North Africa (IDA & IBRD countries),TMN,..,..,..,..,..,..,..,..,..,..,..,..,..,..,..,..,..,..,..,..,..,..,..,..
GDP deflator (base year varies by country),NY.GDP.DEFL.ZS,Middle income,MIC,..,..,..,..,..,..,..,..,..,..,..,..,..,..,..,..,..,..,..,..,..,..,..,..
GDP deflator (base year varies by country),NY.GDP.DEFL.ZS,North America,NAC,..,..,..,..,..,..,..,..,..,..,..,..,..,..,..,..,..,..,..,..,..,..,..,..
GDP deflator (base year varies by country),NY.GDP.DEFL.ZS,Not classified,INX,..,..,..,..,..,..,..,..,..,..,..,..,..,..,..,..,..,..,..,..,..,..,..,..
GDP deflator (base year varies by country),NY.GDP.DEFL.ZS,OECD members,OED,..,..,..,..,..,..,..,..,..,..,..,..,..,..,..,..,..,..,..,..,..,..,..,..
GDP deflator (base year varies by country),NY.GDP.DEFL.ZS,Other small states,OSS,..,..,..,..,..,..,..,..,..,..,..,..,..,..,..,..,..,..,..,..,..,..,..,..
GDP deflator (base year varies by country),NY.GDP.DEFL.ZS,Pacific island small states,PSS,..,..,..,..,..,..,..,..,..,..,..,..,..,..,..,..,..,..,..,..,..,..,..,..
GDP deflator (base year varies by country),NY.GDP.DEFL.ZS,Post-demographic dividend,PST,..,..,..,..,..,..,..,..,..,..,..,..,..,..,..,..,..,..,..,..,..,..,..,..
GDP deflator (base year varies by country),NY.GDP.DEFL.ZS,Pre-demographic dividend,PRE,..,..,..,..,..,..,..,..,..,..,..,..,..,..,..,..,..,..,..,..,..,..,..,..
GDP deflator (base year varies by country),NY.GDP.DEFL.ZS,Small states,SST,..,..,..,..,..,..,..,..,..,..,..,..,..,..,..,..,..,..,..,..,..,..,..,..
GDP deflator (base year varies by country),NY.GDP.DEFL.ZS,South Asia,SAS,..,..,..,..,..,..,..,..,..,..,..,..,..,..,..,..,..,..,..,..,..,..,..,..
GDP deflator (base year varies by country),NY.GDP.DEFL.ZS,South Asia (IDA & IBRD),TSA,..,..,..,..,..,..,..,..,..,..,..,..,..,..,..,..,..,..,..,..,..,..,..,..
GDP deflator (base year varies by country),NY.GDP.DEFL.ZS,Sub-Saharan Africa,SSF,..,..,..,..,..,..,..,..,..,..,..,..,..,..,..,..,..,..,..,..,..,..,..,..
GDP deflator (base year varies by country),NY.GDP.DEFL.ZS,Sub-Saharan Africa (excluding high income),SSA,..,..,..,..,..,..,..,..,..,..,..,..,..,..,..,..,..,..,..,..,..,..,..,..
GDP deflator (base year varies by country),NY.GDP.DEFL.ZS,Sub-Saharan Africa (IDA & IBRD countries),TSS,..,..,..,..,..,..,..,..,..,..,..,..,..,..,..,..,..,..,..,..,..,..,..,..
GDP deflator (base year varies by country),NY.GDP.DEFL.ZS,Upper middle income,UMC,..,..,..,..,..,..,..,..,..,..,..,..,..,..,..,..,..,..,..,..,..,..,..,..
GDP deflator (base year varies by country),NY.GDP.DEFL.ZS,World,WLD,..,..,..,..,..,..,..,..,..,..,..,..,..,..,..,..,..,..,..,..,..,..,..,..
,,,,,,,,,,,,,,,,,,,,,,,,,,,
,,,,,,,,,,,,,,,,,,,,,,,,,,,
,,,,,,,,,,,,,,,,,,,,,,,,,,,
Data from database: World Development Indicators,,,,,,,,,,,,,,,,,,,,,,,,,,,
Last Updated: 05/30/2024,,,,,,,,,,,,,,,,,,,,,,,,,,,